,Death Knight - Blood (Rank),Death Knight - Blood (%),Death Knight - Frost (Rank),Death Knight - Frost (%),Death Knight - Unholy (Rank),Death Knight - Unholy (%),Demon Hunter - Havoc (Rank),Demon Hunter - Havoc (%),Demon Hunter - Vengeance (Rank),Demon Hunter - Vengeance (%),Druid - Balance (Rank),Druid - Balance (%),Druid - Feral (Rank),Druid - Feral (%),Druid - Guardian (Rank),Druid - Guardian (%),Druid - Restoration (Rank),Druid - Restoration (%),Evoker - Augmentation (Rank),Evoker - Augmentation (%),Evoker - Devastation (Rank),Evoker - Devastation (%),Evoker - Preservation (Rank),Evoker - Preservation (%),Hunter - Beast Mastery (Rank),Hunter - Beast Mastery (%),Hunter - Marksmanship (Rank),Hunter - Marksmanship (%),Hunter - Survival (Rank),Hunter - Survival (%),Mage - Arcane (Rank),Mage - Arcane (%),Mage - Fire (Rank),Mage - Fire (%),Mage - Frost (Rank),Mage - Frost (%),Monk - Brewmaster (Rank),Monk - Brewmaster (%),Monk - Mistweaver (Rank),Monk - Mistweaver (%),Monk - Windwalker (Rank),Monk - Windwalker (%),Paladin - Holy (Rank),Paladin - Holy (%),Paladin - Protection (Rank),Paladin - Protection (%),Paladin - Retribution (Rank),Paladin - Retribution (%),Priest - Discipline (Rank),Priest - Discipline (%),Priest - Holy (Rank),Priest - Holy (%),Priest - Shadow (Rank),Priest - Shadow (%),Rogue - Assassination (Rank),Rogue - Assassination (%),Rogue - Outlaw (Rank),Rogue - Outlaw (%),Rogue - Subtlety (Rank),Rogue - Subtlety (%),Shaman - Elemental (Rank),Shaman - Elemental (%),Shaman - Enhancement (Rank),Shaman - Enhancement (%),Shaman - Restoration (Rank),Shaman - Restoration (%),Warlock - Affliction (Rank),Warlock - Affliction (%),Warlock - Demonology (Rank),Warlock - Demonology (%),Warlock - Destruction (Rank),Warlock - Destruction (%),Warrior - Arms (Rank),Warrior - Arms (%),Warrior - Fury (Rank),Warrior - Fury (%),Warrior - Protection (Rank),Warrior - Protection (%)
2026-05-16,34.0,0.0,22.0,0.25,26.0,0.2,30.0,0.116,34.0,0.0,18.0,0.307,21.0,0.273,34.0,0.0,19.0,0.297,34.0,0.0,11.0,0.442,2.0,1.474,12.0,0.427,10.0,0.471,25.0,0.208,7.0,0.603,13.0,0.426,9.0,0.507,34.0,0.0,16.0,0.359,15.0,0.365,29.0,0.159,1.0,1.525,14.0,0.408,23.0,0.24,33.0,0.022,17.0,0.309,6.0,0.622,4.0,1.288,28.0,0.184,20.0,0.287,3.0,1.401,24.0,0.215,8.0,0.517,32.0,0.072,31.0,0.115,5.0,0.872,27.0,0.199,34.0,0.0
2026-05-17,34.0,0.0,21.0,0.277,27.0,0.2,30.0,0.116,34.0,0.0,17.0,0.358,22.0,0.272,34.0,0.0,19.0,0.308,34.0,0.0,10.0,0.475,2.0,1.596,13.0,0.437,11.0,0.47,25.0,0.208,7.0,0.601,14.0,0.425,9.0,0.517,34.0,0.0,15.0,0.369,16.0,0.365,29.0,0.139,1.0,1.743,12.0,0.438,23.0,0.239,33.0,0.022,18.0,0.308,6.0,0.62,4.0,1.365,26.0,0.204,20.0,0.286,3.0,1.417,24.0,0.214,8.0,0.535,32.0,0.072,31.0,0.114,5.0,0.901,28.0,0.199,34.0,0.0
2026-05-18,34.0,0.0,23.0,0.274,27.0,0.23,30.0,0.165,34.0,0.0,20.0,0.379,21.0,0.369,34.0,0.0,15.0,0.456,34.0,0.0,12.0,0.538,2.0,1.871,13.0,0.528,10.0,0.585,29.0,0.207,9.0,0.594,17.0,0.424,8.0,0.646,34.0,0.0,18.0,0.41,16.0,0.428,24.0,0.268,1.0,2.361,11.0,0.557,19.0,0.379,33.0,0.054,14.0,0.458,6.0,0.79,4.0,1.314,25.0,0.254,22.0,0.284,3.0,1.704,26.0,0.243,7.0,0.749,32.0,0.119,31.0,0.159,5.0,1.044,28.0,0.226,34.0,0.0
2026-05-19,34.0,0.0,27.0,0.272,28.0,0.27,31.0,0.197,34.0,0.0,17.0,0.502,20.0,0.44,34.0,0.0,15.0,0.532,34.0,0.0,10.0,0.668,2.0,2.071,13.0,0.597,12.0,0.664,29.0,0.246,9.0,0.686,18.0,0.501,8.0,0.775,34.0,0.0,21.0,0.43,19.0,0.481,24.0,0.298,1.0,2.331,11.0,0.667,16.0,0.508,33.0,0.054,14.0,0.554,5.0,1.164,4.0,1.339,23.0,0.314,26.0,0.282,3.0,1.847,25.0,0.289,7.0,0.867,32.0,0.118,30.0,0.204,6.0,1.159,22.0,0.322,34.0,0.0
2026-05-20,34.0,0.0,24.0,0.35,28.0,0.3,31.0,0.246,34.0,0.0,17.0,0.647,21.0,0.51,34.0,0.0,13.0,0.687,34.0,0.0,12.0,0.697,2.0,2.359,16.0,0.653,11.0,0.716,30.0,0.284,14.0,0.68,19.0,0.551,8.0,0.885,34.0,0.0,18.0,0.59,20.0,0.545,23.0,0.358,1.0,2.743,9.0,0.876,15.0,0.669,33.0,0.075,10.0,0.723,6.0,1.258,4.0,1.439,26.0,0.344,27.0,0.342,3.0,2.242,22.0,0.396,7.0,0.98,32.0,0.189,29.0,0.292,5.0,1.317,25.0,0.348,34.0,0.0
2026-05-21,35.0,0.0,28.0,0.373,26.0,0.39,32.0,0.31,35.0,0.0,19.0,0.643,20.0,0.602,31.0,0.316,12.0,0.817,35.0,0.0,15.0,0.757,1.0,2.751,14.0,0.794,11.0,0.875,25.0,0.402,18.0,0.672,16.0,0.731,9.0,1.054,35.0,0.0,17.0,0.7,21.0,0.598,22.0,0.467,2.0,2.72,8.0,1.054,13.0,0.808,34.0,0.085,10.0,0.889,4.0,1.549,6.0,1.454,29.0,0.343,24.0,0.432,3.0,2.429,23.0,0.439,7.0,1.093,33.0,0.188,30.0,0.335,5.0,1.48,27.0,0.373,35.0,0.0
2026-05-22,35.0,0.0,27.0,0.447,26.0,0.45,31.0,0.389,35.0,0.0,21.0,0.686,20.0,0.74,32.0,0.314,12.0,0.954,35.0,0.0,19.0,0.813,1.0,3.231,13.0,0.945,10.0,1.144,14.0,0.914,18.0,0.852,15.0,0.884,8.0,1.243,35.0,0.0,17.0,0.869,22.0,0.67,24.0,0.616,2.0,3.132,7.0,1.393,11.0,1.089,34.0,0.128,16.0,0.882,4.0,1.662,6.0,1.585,29.0,0.402,25.0,0.458,3.0,2.815,23.0,0.633,9.0,1.213,33.0,0.234,28.0,0.444,5.0,1.629,30.0,0.397,35.0,0.0
2026-05-23,35.0,0.0,30.0,0.443,26.0,0.539,29.0,0.451,35.0,0.0,20.0,0.828,19.0,0.901,32.0,0.314,16.0,1.046,35.0,0.0,21.0,0.806,1.0,3.778,14.0,1.117,12.0,1.194,13.0,1.139,11.0,1.307,17.0,1.012,8.0,1.362,35.0,0.0,15.0,1.068,24.0,0.722,23.0,0.775,2.0,3.542,7.0,1.603,9.0,1.358,34.0,0.191,18.0,0.947,6.0,1.711,5.0,1.754,31.0,0.41,27.0,0.514,3.0,2.894,22.0,0.795,10.0,1.318,33.0,0.28,25.0,0.619,4.0,1.808,28.0,0.476,35.0,0.0
2026-05-24,35.0,0.0,29.0,0.516,26.0,0.649,30.0,0.496,35.0,0.0,21.0,0.939,19.0,1.036,32.0,0.311,16.0,1.133,35.0,0.0,24.0,0.831,1.0,4.339,13.0,1.287,12.0,1.341,14.0,1.244,10.0,1.57,17.0,1.111,9.0,1.571,35.0,0.0,15.0,1.229,23.0,0.837,22.0,0.884,2.0,3.469,6.0,1.942,8.0,1.658,34.0,0.222,18.0,1.056,4.0,2.145,7.0,1.797,31.0,0.47,27.0,0.628,3.0,3.23,20.0,0.996,11.0,1.469,33.0,0.302,25.0,0.657,5.0,2.127,28.0,0.541,35.0,0.0
2026-05-25,35.0,0.0,28.0,0.636,26.0,0.759,31.0,0.522,35.0,0.0,21.0,1.072,20.0,1.119,33.0,0.309,16.0,1.305,35.0,0.0,22.0,1.043,1.0,4.807,12.0,1.524,13.0,1.425,15.0,1.31,10.0,1.734,19.0,1.157,8.0,1.819,35.0,0.0,14.0,1.417,23.0,1.024,24.0,0.993,2.0,3.636,6.0,2.22,7.0,1.976,34.0,0.263,17.0,1.208,4.0,2.517,9.0,1.814,30.0,0.529,27.0,0.706,3.0,3.436,18.0,1.159,11.0,1.699,32.0,0.347,25.0,0.781,5.0,2.449,29.0,0.63,35.0,0.0
2026-05-26,35.0,0.0,30.0,0.653,26.0,0.859,29.0,0.66,35.0,0.0,22.0,1.158,20.0,1.219,34.0,0.304,16.0,1.44,35.0,0.0,23.0,1.157,1.0,5.231,12.0,1.677,14.0,1.602,17.0,1.408,10.0,1.897,18.0,1.357,9.0,1.99,35.0,0.0,13.0,1.608,21.0,1.189,24.0,1.142,2.0,4.382,6.0,2.545,7.0,2.236,33.0,0.325,19.0,1.357,4.0,2.863,8.0,2.037,31.0,0.639,27.0,0.813,3.0,3.733,15.0,1.453,11.0,1.821,32.0,0.391,25.0,0.862,5.0,2.799,28.0,0.678,35.0,0.0
2026-05-27,36.0,0.0,28.0,0.796,25.0,1.009,29.0,0.718,36.0,0.0,20.0,1.384,24.0,1.211,35.0,0.302,16.0,1.598,34.0,0.35,21.0,1.333,1.0,5.568,11.0,1.892,13.0,1.743,19.0,1.431,12.0,1.885,17.0,1.58,8.0,2.178,36.0,0.0,14.0,1.738,22.0,1.248,23.0,1.242,2.0,3.953,6.0,2.817,7.0,2.588,33.0,0.377,18.0,1.482,4.0,3.112,10.0,1.987,31.0,0.669,26.0,0.922,3.0,3.92,15.0,1.632,9.0,2.031,32.0,0.482,27.0,0.921,5.0,3.079,30.0,0.689,36.0,0.0
2026-05-28,37.0,0.0,30.0,0.963,27.0,1.149,29.0,0.974,37.0,0.0,21.0,1.493,20.0,1.542,36.0,0.302,16.0,1.853,23.0,1.399,25.0,1.354,1.0,5.936,11.0,2.029,14.0,1.942,19.0,1.645,10.0,2.139,17.0,1.844,8.0,2.306,33.0,0.633,12.0,1.978,24.0,1.383,22.0,1.45,3.0,4.126,6.0,3.247,7.0,3.016,35.0,0.533,18.0,1.762,4.0,3.36,13.0,1.974,31.0,0.778,26.0,1.28,2.0,4.233,15.0,1.869,9.0,2.144,34.0,0.549,28.0,1.109,5.0,3.299,32.0,0.778,37.0,0.0
2026-05-29,37.0,0.0,30.0,1.056,27.0,1.319,28.0,1.241,37.0,0.0,24.0,1.531,22.0,1.709,36.0,0.302,16.0,1.982,33.0,0.692,25.0,1.497,1.0,6.221,9.0,2.394,11.0,2.148,20.0,1.817,13.0,2.129,17.0,1.93,8.0,2.625,18.0,1.899,12.0,2.137,26.0,1.496,21.0,1.739,3.0,4.118,5.0,3.602,7.0,3.432,34.0,0.689,19.0,1.887,4.0,3.786,14.0,2.098,31.0,0.818,23.0,1.632,2.0,4.278,15.0,2.061,10.0,2.281,35.0,0.615,29.0,1.166,6.0,3.458,32.0,0.787,37.0,0.0
2026-05-30,37.0,0.0,30.0,1.143,27.0,1.509,28.0,1.425,37.0,0.0,25.0,1.684,20.0,1.978,36.0,0.3,16.0,2.175,31.0,1.031,26.0,1.667,1.0,6.563,9.0,2.743,12.0,2.419,18.0,2.099,17.0,2.118,19.0,1.994,8.0,2.863,23.0,1.899,11.0,2.486,24.0,1.69,21.0,1.957,3.0,4.28,4.0,4.209,6.0,4.169,34.0,0.822,14.0,2.185,5.0,4.179,15.0,2.18,32.0,0.969,22.0,1.916,2.0,4.467,13.0,2.397,10.0,2.511,35.0,0.635,29.0,1.348,7.0,3.857,33.0,0.951,37.0,0.0
2026-05-31,37.0,0.0,31.0,1.254,27.0,1.688,28.0,1.609,37.0,0.0,24.0,1.878,22.0,2.165,36.0,0.299,16.0,2.407,30.0,1.361,25.0,1.837,1.0,6.635,9.0,3.035,12.0,2.68,19.0,2.189,20.0,2.187,15.0,2.502,8.0,3.208,23.0,1.887,10.0,2.726,26.0,1.765,21.0,2.166,5.0,4.457,4.0,4.551,2.0,4.772,34.0,0.957,14.0,2.519,6.0,4.425,17.0,2.334,32.0,1.059,18.0,2.281,3.0,4.654,13.0,2.671,11.0,2.723,35.0,0.678,29.0,1.589,7.0,4.155,33.0,1.011,37.0,0.0
2026-06-01,37.0,0.0,31.0,1.431,28.0,1.849,29.0,1.724,37.0,0.0,26.0,1.978,23.0,2.38,36.0,0.298,17.0,2.597,10.0,3.367,25.0,2.002,1.0,7.193,9.0,3.502,12.0,3.02,19.0,2.497,21.0,2.418,15.0,2.698,8.0,3.597,27.0,1.887,13.0,3.016,24.0,2.074,20.0,2.424,7.0,4.432,3.0,5.066,2.0,5.533,34.0,1.057,16.0,2.686,5.0,4.572,22.0,2.384,32.0,1.259,18.0,2.575,4.0,4.861,14.0,2.994,11.0,3.283,35.0,0.79,30.0,1.661,6.0,4.457,33.0,1.069,37.0,0.0
2026-06-02,37.0,0.0,31.0,1.722,27.0,2.049,28.0,1.982,37.0,0.0,24.0,2.171,22.0,2.508,36.0,0.294,18.0,2.92,8.0,4.333,26.0,2.099,1.0,7.51,10.0,3.866,13.0,3.347,15.0,3.009,21.0,2.652,16.0,2.988,9.0,4.067,30.0,1.863,14.0,3.295,25.0,2.161,20.0,2.653,7.0,4.406,3.0,5.677,2.0,6.637,33.0,1.208,17.0,2.981,4.0,5.061,23.0,2.459,32.0,1.587,19.0,2.863,5.0,5.027,12.0,3.55,11.0,3.646,35.0,0.878,29.0,1.941,6.0,4.706,34.0,1.14,37.0,0.0
2026-06-03,37.0,0.0,31.0,1.851,27.0,2.328,29.0,2.226,37.0,0.0,28.0,2.271,25.0,2.454,36.0,0.292,18.0,3.15,7.0,4.636,26.0,2.33,1.0,7.938,10.0,4.313,13.0,3.687,17.0,3.204,21.0,2.816,19.0,3.114,9.0,4.404,24.0,2.484,14.0,3.566,23.0,2.495,20.0,2.891,8.0,4.571,3.0,6.169,2.0,7.276,33.0,1.463,15.0,3.315,4.0,5.323,22.0,2.722,32.0,1.746,16.0,3.238,5.0,5.257,11.0,3.938,12.0,3.882,35.0,0.99,30.0,2.103,6.0,5.018,34.0,1.239,37.0,0.0
2026-06-04,37.0,0.0,31.0,2.101,25.0,2.579,29.0,2.418,37.0,0.0,27.0,2.488,23.0,2.711,36.0,0.291,19.0,3.267,10.0,4.305,26.0,2.522,1.0,8.397,9.0,4.584,13.0,3.859,18.0,3.278,21.0,2.896,17.0,3.413,8.0,4.724,28.0,2.454,14.0,3.825,24.0,2.624,20.0,3.118,7.0,4.744,3.0,6.549,2.0,8.076,33.0,1.565,16.0,3.525,4.0,5.674,22.0,2.749,32.0,1.918,15.0,3.534,5.0,5.564,12.0,4.169,11.0,4.189,35.0,1.034,30.0,2.259,6.0,5.344,34.0,1.273,37.0,0.0
2026-06-05,33.0,1.77,31.0,2.2,25.0,2.747,28.0,2.485,38.0,0.0,26.0,2.653,24.0,2.751,37.0,0.289,18.0,3.496,10.0,4.575,27.0,2.629,2.0,8.612,8.0,4.872,13.0,4.091,17.0,3.533,21.0,2.964,19.0,3.446,7.0,5.028,30.0,2.454,14.0,4.048,22.0,2.864,20.0,3.397,9.0,4.717,3.0,6.914,1.0,8.698,34.0,1.624,16.0,3.606,4.0,6.036,23.0,2.805,32.0,2.025,15.0,3.784,5.0,5.677,11.0,4.448,12.0,4.403,36.0,1.234,29.0,2.454,6.0,5.637,35.0,1.383,38.0,0.0
2026-06-06,34.0,1.739,31.0,2.406,26.0,2.884,30.0,2.528,38.0,0.0,29.0,2.632,24.0,2.931,37.0,0.287,17.0,3.687,11.0,4.56,25.0,2.9,2.0,8.925,8.0,5.212,13.0,4.304,18.0,3.674,21.0,3.283,20.0,3.546,7.0,5.239,22.0,3.049,14.0,4.277,23.0,2.99,19.0,3.587,9.0,5.056,3.0,7.346,1.0,9.344,33.0,1.854,16.0,3.77,4.0,6.574,27.0,2.882,32.0,2.184,15.0,3.975,5.0,5.89,10.0,4.677,12.0,4.527,36.0,1.297,28.0,2.703,6.0,5.864,35.0,1.44,38.0,0.0
2026-06-07,34.0,1.709,31.0,2.426,23.0,3.138,30.0,2.711,38.0,0.0,28.0,2.792,22.0,3.23,37.0,0.57,17.0,3.886,13.0,4.531,24.0,3.109,2.0,9.018,8.0,5.501,12.0,4.536,16.0,3.915,21.0,3.32,20.0,3.734,7.0,5.646,26.0,3.049,14.0,4.403,25.0,3.101,19.0,3.885,9.0,5.234,3.0,7.808,1.0,10.011,33.0,1.981,18.0,3.886,4.0,6.932,27.0,3.022,32.0,2.346,15.0,4.003,6.0,5.907,10.0,4.968,11.0,4.777,36.0,1.338,29.0,2.764,5.0,6.085,35.0,1.482,38.0,0.0
2026-06-08,34.0,1.695,31.0,2.649,27.0,3.207,29.0,2.808,38.0,0.0,28.0,2.937,23.0,3.414,37.0,0.568,19.0,3.969,11.0,5.128,24.0,3.272,2.0,9.334,8.0,5.638,13.0,4.913,18.0,4.007,22.0,3.445,20.0,3.88,7.0,5.805,21.0,3.636,14.0,4.647,26.0,3.212,16.0,4.063,9.0,5.4,3.0,8.401,1.0,10.738,33.0,2.147,17.0,4.021,4.0,6.99,25.0,3.256,32.0,2.498,15.0,4.165,6.0,6.155,10.0,5.159,12.0,5.079,36.0,1.4,30.0,2.803,5.0,6.259,35.0,1.537,38.0,0.0
2026-06-09,34.0,1.639,32.0,2.627,25.0,3.415,29.0,2.885,38.0,0.0,28.0,3.091,23.0,3.487,37.0,0.563,18.0,4.061,14.0,4.43,24.0,3.448,2.0,9.52,8.0,5.925,12.0,5.14,17.0,4.178,22.0,3.507,20.0,3.933,7.0,5.972,21.0,3.593,13.0,4.856,27.0,3.254,16.0,4.241,10.0,5.38,3.0,8.81,1.0,11.251,33.0,2.252,19.0,4.052,4.0,7.15,26.0,3.269,31.0,2.636,15.0,4.377,6.0,6.331,9.0,5.47,11.0,5.221,36.0,1.484,30.0,2.828,5.0,6.405,35.0,1.615,38.0,0.0
2026-06-10,35.0,1.626,31.0,2.868,24.0,3.516,30.0,3.016,38.0,0.0,28.0,3.22,23.0,3.551,37.0,0.562,17.0,4.26,14.0,4.717,25.0,3.483,2.0,9.755,8.0,6.161,10.0,5.426,18.0,4.207,21.0,3.647,20.0,3.955,7.0,6.403,22.0,3.571,13.0,5.062,27.0,3.334,16.0,4.349,11.0,5.37,3.0,9.313,1.0,11.959,33.0,2.368,19.0,4.174,4.0,7.327,26.0,3.359,32.0,2.687,15.0,4.626,6.0,6.425,9.0,5.669,12.0,5.235,36.0,1.522,29.0,3.045,5.0,6.636,34.0,1.669,38.0,0.0
2026-06-11,35.0,1.626,32.0,2.839,23.0,3.626,30.0,3.091,38.0,0.0,28.0,3.436,22.0,3.629,37.0,0.826,17.0,4.421,16.0,4.688,24.0,3.561,2.0,9.937,8.0,6.46,10.0,5.649,19.0,4.201,21.0,3.781,20.0,3.976,6.0,6.663,26.0,3.55,13.0,5.344,25.0,3.555,15.0,4.701,12.0,5.36,3.0,9.548,1.0,12.58,33.0,2.482,18.0,4.305,4.0,7.458,27.0,3.516,31.0,2.876,14.0,4.82,7.0,6.582,9.0,5.769,11.0,5.535,36.0,1.538,29.0,3.102,5.0,6.817,34.0,1.708,38.0,0.0
2026-06-12,35.0,1.6,32.0,2.941,22.0,3.798,29.0,3.226,38.0,0.0,28.0,3.448,24.0,3.729,37.0,0.826,17.0,4.669,14.0,5.279,25.0,3.698,2.0,10.074,7.0,6.664,10.0,5.865,19.0,4.305,20.0,4.22,21.0,4.075,6.0,6.965,27.0,3.55,12.0,5.563,26.0,3.684,16.0,4.746,13.0,5.515,3.0,10.002,1.0,13.422,33.0,2.656,18.0,4.405,4.0,7.475,23.0,3.742,31.0,3.033,15.0,4.96,8.0,6.606,9.0,5.965,11.0,5.663,36.0,1.597,30.0,3.177,5.0,7.104,34.0,1.748,38.0,0.0
2026-06-13,36.0,1.55,32.0,3.051,24.0,3.875,29.0,3.25,38.0,0.0,28.0,3.516,26.0,3.758,37.0,0.826,17.0,4.809,15.0,4.893,25.0,3.86,3.0,10.174,7.0,6.799,10.0,5.998,19.0,4.31,20.0,4.279,22.0,4.061,6.0,7.159,21.0,4.094,11.0,5.74,27.0,3.741,16.0,4.859,13.0,5.302,2.0,10.344,1.0,13.68,33.0,2.831,18.0,4.376,4.0,7.706,23.0,3.902,31.0,3.117,14.0,5.129,8.0,6.668,9.0,6.132,12.0,5.709,35.0,1.701,30.0,3.202,5.0,7.385,34.0,1.801,38.0,0.0
2026-06-14,36.0,1.527,32.0,3.167,23.0,4.042,29.0,3.364,38.0,0.0,28.0,3.584,27.0,3.791,37.0,0.817,16.0,4.957,17.0,4.834,25.0,3.963,3.0,10.27,7.0,7.048,10.0,6.3,19.0,4.269,20.0,4.265,21.0,4.13,6.0,7.505,22.0,4.094,11.0,5.912,26.0,3.938,15.0,5.048,14.0,5.244,2.0,10.71,1.0,14.18,33.0,2.985,18.0,4.542,4.0,7.931,24.0,3.968,30.0,3.28,13.0,5.271,8.0,6.658,9.0,6.327,12.0,5.797,35.0,1.692,31.0,3.26,5.0,7.619,34.0,1.816,38.0,0.0
2026-06-15,36.0,1.515,32.0,3.264,22.0,4.234,29.0,3.516,38.0,0.0,28.0,3.725,27.0,3.944,37.0,0.815,16.0,5.178,17.0,5.075,26.0,3.988,3.0,10.657,7.0,7.348,9.0,6.605,19.0,4.424,21.0,4.239,20.0,4.248,6.0,7.803,24.0,4.07,11.0,6.111,23.0,4.178,14.0,5.237,15.0,5.216,2.0,11.092,1.0,14.802,33.0,3.2,18.0,4.643,4.0,8.084,25.0,4.06,30.0,3.403,13.0,5.42,8.0,6.749,10.0,6.446,12.0,6.024,35.0,1.708,31.0,3.337,5.0,7.852,34.0,1.892,38.0,0.0
2026-06-16,36.0,1.504,33.0,3.325,22.0,4.354,29.0,3.564,38.0,0.0,28.0,3.805,27.0,4.032,37.0,1.081,15.0,5.339,17.0,5.0,24.0,4.133,3.0,10.95,7.0,7.615,9.0,6.814,19.0,4.511,25.0,4.128,20.0,4.382,4.0,8.15,26.0,4.07,11.0,6.312,21.0,4.356,14.0,5.393,16.0,5.179,2.0,11.439,1.0,15.512,32.0,3.338,18.0,4.626,5.0,8.087,23.0,4.188,30.0,3.496,13.0,5.544,8.0,6.916,10.0,6.582,12.0,6.138,35.0,1.853,31.0,3.43,6.0,8.024,34.0,1.951,38.0,0.0
2026-06-17,34.0,2.256,33.0,3.357,20.0,4.514,29.0,3.693,38.0,0.0,28.0,3.864,25.0,4.121,37.0,1.341,15.0,5.469,17.0,5.0,26.0,4.063,3.0,11.103,7.0,7.782,8.0,6.962,19.0,4.614,23.0,4.334,22.0,4.385,4.0,8.496,27.0,4.023,11.0,6.642,21.0,4.433,14.0,5.572,16.0,5.329,2.0,11.793,1.0,16.036,32.0,3.408,18.0,4.799,6.0,8.118,24.0,4.199,30.0,3.637,13.0,5.68,9.0,6.931,10.0,6.649,12.0,6.184,36.0,1.849,31.0,3.45,5.0,8.272,35.0,2.013,38.0,0.0
2026-06-18,34.0,2.256,33.0,3.445,21.0,4.564,30.0,3.664,38.0,0.0,27.0,3.971,24.0,4.259,37.0,1.333,15.0,5.608,17.0,5.248,26.0,4.174,3.0,11.421,7.0,8.035,8.0,7.151,19.0,4.843,20.0,4.773,23.0,4.482,4.0,8.728,28.0,3.867,11.0,6.832,22.0,4.513,14.0,5.74,16.0,5.329,2.0,12.091,1.0,16.593,31.0,3.587,18.0,4.941,6.0,8.342,25.0,4.213,29.0,3.665,13.0,5.893,9.0,7.147,10.0,6.834,12.0,6.343,36.0,1.866,32.0,3.495,5.0,8.474,35.0,2.065,38.0,0.0
2026-06-19,34.0,2.941,33.0,3.584,22.0,4.676,30.0,3.742,38.0,0.0,27.0,4.022,24.0,4.359,37.0,1.326,15.0,5.707,19.0,4.885,26.0,4.163,3.0,11.562,7.0,8.189,8.0,7.359,18.0,5.128,20.0,4.747,23.0,4.473,4.0,8.94,28.0,3.804,10.0,7.034,21.0,4.718,14.0,5.899,16.0,5.291,2.0,12.336,1.0,16.94,31.0,3.705,17.0,5.177,5.0,8.587,25.0,4.294,29.0,3.786,13.0,5.914,9.0,7.226,11.0,6.965,12.0,6.438,36.0,1.947,32.0,3.652,6.0,8.466,35.0,2.104,38.0,0.0
2026-06-20,34.0,2.817,32.0,3.63,22.0,4.722,30.0,3.805,38.0,0.0,27.0,4.018,24.0,4.51,37.0,1.326,15.0,5.836,20.0,4.843,25.0,4.373,3.0,11.713,7.0,8.528,8.0,7.568,18.0,5.16,19.0,4.856,23.0,4.585,4.0,9.254,31.0,3.784,10.0,7.289,21.0,4.829,13.0,6.079,16.0,5.429,2.0,12.68,1.0,17.385,29.0,3.865,17.0,5.333,6.0,8.647,26.0,4.304,28.0,3.926,14.0,6.076,9.0,7.332,11.0,7.199,12.0,6.506,36.0,2.005,33.0,3.544,5.0,8.807,35.0,2.167,38.0,0.0
2026-06-21,36.0,2.113,31.0,3.824,22.0,4.844,29.0,3.991,38.0,0.0,27.0,4.024,24.0,4.501,37.0,1.312,15.0,5.949,18.0,5.322,25.0,4.379,3.0,11.783,7.0,8.657,8.0,7.691,20.0,5.2,19.0,5.215,23.0,4.638,4.0,9.477,32.0,3.723,9.0,7.384,21.0,4.868,13.0,6.236,16.0,5.759,2.0,13.051,1.0,17.98,28.0,4.016,17.0,5.349,6.0,8.917,26.0,4.35,30.0,3.984,14.0,6.165,10.0,7.376,11.0,7.33,12.0,6.555,35.0,2.128,33.0,3.583,5.0,8.972,34.0,2.243,38.0,0.0
2026-06-22,34.0,2.759,31.0,3.946,22.0,5.014,30.0,4.126,38.0,0.0,27.0,4.237,24.0,4.465,37.0,1.818,15.0,6.279,17.0,5.833,26.0,4.376,3.0,12.059,7.0,8.947,8.0,7.98,18.0,5.552,20.0,5.322,23.0,4.8,4.0,9.777,32.0,3.704,9.0,7.72,21.0,5.049,14.0,6.388,16.0,6.154,2.0,13.426,1.0,18.643,28.0,4.189,19.0,5.507,6.0,9.11,25.0,4.415,29.0,4.143,13.0,6.497,11.0,7.507,10.0,7.597,12.0,6.632,36.0,2.184,33.0,3.599,5.0,9.208,35.0,2.288,38.0,0.0
2026-06-23,34.0,2.667,31.0,4.042,21.0,5.204,29.0,4.223,38.0,0.0,28.0,4.24,25.0,4.521,37.0,2.051,15.0,6.371,17.0,5.753,26.0,4.402,3.0,12.207,7.0,9.242,8.0,8.268,19.0,5.645,20.0,5.498,23.0,5.003,4.0,9.871,33.0,3.646,9.0,7.848,22.0,5.135,14.0,6.543,16.0,6.293,2.0,13.914,1.0,19.165,27.0,4.349,18.0,5.721,6.0,9.267,24.0,4.544,30.0,4.18,13.0,6.545,11.0,7.577,10.0,7.709,12.0,6.738,36.0,2.137,32.0,3.706,5.0,9.487,35.0,2.325,38.0,0.0
2026-06-24,34.0,2.614,31.0,4.275,21.0,5.344,29.0,4.317,38.0,0.0,28.0,4.341,24.0,4.659,37.0,2.025,16.0,6.552,19.0,5.645,27.0,4.412,3.0,12.46,7.0,9.371,8.0,8.492,18.0,5.648,20.0,5.613,23.0,5.05,4.0,10.284,32.0,4.145,9.0,8.089,22.0,5.194,14.0,6.727,13.0,6.757,2.0,14.171,1.0,19.678,26.0,4.447,17.0,5.698,6.0,9.403,25.0,4.56,30.0,4.285,15.0,6.578,11.0,7.633,10.0,7.797,12.0,6.878,36.0,2.215,33.0,3.734,5.0,9.654,35.0,2.365,38.0,0.0
2026-06-25,34.0,2.548,32.0,4.262,21.0,5.485,30.0,4.384,38.0,0.0,31.0,4.376,24.0,4.791,36.0,2.256,16.0,6.599,19.0,5.63,29.0,4.394,3.0,12.538,6.0,9.515,8.0,8.845,18.0,5.631,20.0,5.49,23.0,5.225,4.0,10.55,26.0,4.663,9.0,8.288,22.0,5.343,13.0,6.915,15.0,6.723,2.0,14.492,1.0,20.156,27.0,4.648,17.0,5.851,7.0,9.382,25.0,4.713,28.0,4.395,14.0,6.797,11.0,7.796,10.0,8.024,12.0,6.972,37.0,2.169,33.0,3.752,5.0,9.863,35.0,2.427,38.0,0.0
2026-06-26,34.0,3.145,31.0,4.43,21.0,5.534,30.0,4.442,38.0,0.0,32.0,4.369,24.0,4.851,35.0,2.703,16.0,6.737,18.0,5.867,28.0,4.477,3.0,12.567,6.0,9.597,8.0,9.11,19.0,5.748,20.0,5.584,23.0,5.301,4.0,10.657,27.0,4.639,9.0,8.498,22.0,5.457,13.0,7.099,14.0,7.035,2.0,14.879,1.0,20.603,26.0,4.698,17.0,6.019,7.0,9.497,25.0,4.808,29.0,4.453,15.0,6.913,11.0,7.884,10.0,8.269,12.0,7.115,37.0,2.271,33.0,3.752,5.0,10.152,36.0,2.462,38.0,0.0
2026-06-27,35.0,2.469,30.0,4.541,20.0,5.682,27.0,4.596,38.0,0.0,32.0,4.35,24.0,4.973,36.0,2.445,16.0,6.927,17.0,6.349,31.0,4.505,3.0,12.809,6.0,9.779,8.0,9.349,19.0,5.701,21.0,5.628,23.0,5.243,4.0,10.926,28.0,4.592,9.0,8.559,22.0,5.532,13.0,7.421,12.0,7.475,2.0,14.999,1.0,21.179,26.0,4.815,18.0,6.025,7.0,9.624,25.0,4.852,29.0,4.574,15.0,7.046,11.0,7.913,10.0,8.282,14.0,7.224,37.0,2.29,33.0,3.861,5.0,10.375,34.0,2.507,38.0,0.0
2026-06-28,37.0,2.439,31.0,4.483,21.0,5.776,28.0,4.701,38.0,0.0,32.0,4.465,24.0,5.118,34.0,2.696,15.0,7.099,17.0,6.579,29.0,4.635,3.0,12.843,6.0,9.985,7.0,9.677,19.0,6.034,20.0,5.806,23.0,5.353,4.0,11.097,25.0,5.05,9.0,8.773,22.0,5.637,12.0,7.59,13.0,7.45,2.0,15.267,1.0,21.593,26.0,4.978,18.0,6.219,8.0,9.645,27.0,4.893,30.0,4.584,16.0,7.035,11.0,7.972,10.0,8.482,14.0,7.276,36.0,2.449,33.0,3.99,5.0,10.574,35.0,2.529,38.0,0.0
2026-06-29,37.0,2.41,31.0,4.481,21.0,5.942,29.0,4.774,38.0,0.0,32.0,4.417,25.0,5.199,34.0,3.148,15.0,7.249,17.0,6.736,30.0,4.767,3.0,12.95,6.0,10.205,7.0,9.803,19.0,6.213,20.0,6.112,24.0,5.4,4.0,11.33,23.0,5.528,9.0,9.006,22.0,5.784,13.0,7.731,12.0,7.769,2.0,15.688,1.0,22.048,26.0,5.067,18.0,6.305,8.0,9.766,27.0,5.049,28.0,4.781,16.0,7.135,11.0,7.981,10.0,8.579,14.0,7.433,36.0,2.458,33.0,4.04,5.0,10.675,35.0,2.585,38.0,0.0
2026-06-30,37.0,2.353,31.0,4.642,21.0,6.094,29.0,4.926,38.0,0.0,32.0,4.465,25.0,5.331,34.0,3.606,14.0,7.486,17.0,6.923,30.0,4.689,3.0,13.16,6.0,10.418,7.0,10.06,20.0,6.487,19.0,6.488,23.0,5.439,4.0,11.618,24.0,5.419,9.0,9.254,22.0,5.918,12.0,7.917,13.0,7.908,2.0,16.011,1.0,22.775,26.0,5.209,18.0,6.569,8.0,10.045,27.0,5.036,28.0,4.976,16.0,7.231,11.0,8.02,10.0,8.754,15.0,7.467,36.0,2.572,33.0,4.104,5.0,10.967,35.0,2.694,38.0,0.0
2026-07-01,37.0,2.312,30.0,4.733,21.0,6.273,29.0,5.072,38.0,0.0,32.0,4.467,26.0,5.295,34.0,4.077,14.0,7.579,17.0,6.87,31.0,4.723,3.0,13.264,6.0,10.616,7.0,10.208,19.0,6.531,20.0,6.429,23.0,5.447,4.0,11.888,24.0,5.419,9.0,9.447,22.0,6.054,11.0,8.126,13.0,7.83,2.0,16.246,1.0,23.184,25.0,5.318,18.0,6.655,8.0,10.097,27.0,5.171,28.0,5.09,16.0,7.298,12.0,8.091,10.0,8.86,15.0,7.517,36.0,2.549,33.0,4.144,5.0,11.149,35.0,2.764,38.0,0.0
2026-07-02,37.0,2.235,30.0,4.813,21.0,6.289,29.0,5.08,38.0,0.0,32.0,4.548,26.0,5.213,33.0,4.306,14.0,7.776,16.0,7.519,31.0,4.711,3.0,13.348,6.0,10.744,8.0,10.236,18.0,7.025,20.0,6.574,24.0,5.558,4.0,12.145,25.0,5.392,9.0,9.571,22.0,6.139,11.0,8.222,13.0,7.818,2.0,16.423,1.0,23.662,23.0,5.638,19.0,6.862,7.0,10.348,28.0,5.153,27.0,5.191,17.0,7.335,12.0,8.082,10.0,8.956,15.0,7.645,36.0,2.725,34.0,4.147,5.0,11.3,35.0,2.812,38.0,0.0
